<?xml version="1.0" encoding="UTF-8"?>
<!DOCTYPE flow5>
<xflscript version="1.0">
<!-- For convenience, all field names and values are case insensitive - as an exception to the standard xml specification -->
<!-- Where applicable, default values will be used for all undefined fields -->
<!-- Wherever a field requires more than one value, values should be separated by commas (','); whitespaces are ignored -->
<!-- Specified file names should not have leading and trailing whitespaces -->
    <Metadata>
        <!-- Set this field to true to save all results in a binary .xfl file; default is true -->
        <make_project_file>true</make_project_file>
        <!-- uncomment the next line to set a project name; otherwise the default name will be script_YYMMDD_hhmmss.xfl -->
        <!-- project_file_name>plane_test_project</project_file_name -->
        <!-- The project file provided in the following line will be pre-loaded before the script's execution.
             Specify either an absolute path or a path relative to the directory of project files specified
             in the Directories section.
             Should not be the same as the output project file name to avoid data overwrite. -->
        <!--load_project_file>/home/user/studies/005.xflflow</load_project_file-->

        <!-- set this field either to TXT or CSV -->
        <polar_text_output_format>CSV</polar_text_output_format>

        <Directories>
            <!-- The directory where the project file (.xfl) and all output files will be created;
                 If undefined, the output directory will be the user's home directory -->
            <output_dir>/home/user/studies/xml/scripts/output</output_dir>
            <!-- The default directory where the foil geometry files (.dat) will be looked for -->
            <foil_files_dir>/home/user/studies/airfoils</foil_files_dir>
            <!-- The default directory where the foil analysis files (.xml) will be looked for -->
            <foil_analysis_xml_dir>/home/user/studies/xml/analyses_2d</foil_analysis_xml_dir>
            <!-- The default directory where the foil polar files (.plr) will be created. -->
            <foil_polars_dir>/home/user/studies/polars</foil_polars_dir>
            <!-- The default directory where the XFoil polar files (.txt) will be created. -->
            <xfoil_polars_dir>/home/user/studies/xfoil</xfoil_polars_dir>
        </Directories>

        <!-- Multithreading options -->
        <MultiThreading>
            <Allow_Multithreading>true</Allow_Multithreading>
            <!-- Define the thread priority for non-Linux systems
                 Idle:         scheduled only when no other threads are running.
                 Lowest:       scheduled less often than LowPriority.
                 Low:          scheduled less often than NormalPriority.
                 Normal:       the default priority of the operating system.
                 High:         scheduled more often than NormalPriority.
                 Highest:      scheduled more often than HighPriority.
                 TimeCritical: scheduled as often as possible. -->
            <Thread_Priority>Normal</Thread_Priority>
            <!-- Define the max number of threads for the foil analysis; default is one -->
            <Max_threads>1</Max_threads>
        </MultiThreading>
    </Metadata>

    <Foil_Analysis>
        <!-- The analyses will be run for all valid combinations of specified foils and analysis -->
        <Foil_Files>
            <!-- The foil .dat files to load.
                 Specify either the absolute path, or the path relative to the foil file directory
                 provided in the Project option section -->
            <Foil_File_Name>e169.dat</Foil_File_Name>
            <Foil_File_Name>rg14.dat</Foil_File_Name>
        </Foil_Files>

        <!-- The analyses will be run for BOTH the specified analysis files and for the batch analysis data -->
        <!-- Specify in this section the foil analysis files to run, if any -->
        <Analysis_Files>
            <!-- Set this field to true if all files in the directory "foil_analysis_xml_dir" should be run, and
                 to false if only the files specified in this section should be run; default is false -->
            <Process_All_Files>true</Process_All_Files>
            <!-- Predefined XML analysis files to load;
                 The analysis will be performed if the foil name defined in the analysis file matches a foil's name
                 If the foil's name was left blank in the analysis file, a copy of this polar will be built for each foil object
                 Specify either the absolute path or a path relative to the directory of foil analysis defined in the Directories section-->
            <!--Analysis_File_Name>T6_polar.xml</Analysis_File_Name-->
            <!--Analysis_File_Name>/home/user/studies/xml/foilanalysis/T1_Re0_100_M0_00_N9_0.xml</Analysis_File_Name-->
        </Analysis_Files>

        <!-- Batch analysis data; if defined, the analysis specified in this section will be performed
             for all available foils -->
        <Batch_Analysis_Data>
            <!-- Polar_Type is either 1, 2, 3 or 4-->
            <Polar_Type>1</Polar_Type>
            <!-- For type 1 to 3 polars, set the field Spec_Alpha to true if runnning a range of aoa,
                 or to false if running a range of lift coefficients. -->

            <!-- Specify the forced transition locations for the analysis -->
            <Forced_Top_Transition>1.0</Forced_Top_Transition>
            <Forced_Bottom_Transition>1.0</Forced_Bottom_Transition>
            <Batch_Range>
                <!-- Specify the batch variables to use in the analysis, separated by commas;
                     For type 123 polars, the fields used are (Reynolds, Mach, NCrit);
                     For type 4 polars, the fields used are (Alpha, Mach, NCrit); -->
                <Alpha> -1.0, 3.0  </Alpha>
                <Reynolds> 30000, 5.e4, 75000,  8.e4, 1.e5, 2e5, 3e5, 5e5, 1.e6, 40000 </Reynolds>
                <!-- The number of Mach and NCrit values should match the number of Alpha or Reynolds values depending on the polar type,
                     otherwise M=0.0 and NCrit=9 will be used for missing values -->
                <Mach>      0.0,   0.0,    0.0,   0.0</Mach>
                <NCrit>     12.0,   11.0,     10.0,   9.0,     8.0,   7.0,     6.0,   5.0 </NCrit>
            </Batch_Range>
        </Batch_Analysis_Data>

        <OpPoint_Range>
            <!-- Specify min, max and increment values -->
            <!-- define field Alpha or Cl if type 1, 2 or 3 analysis are requested-->
            <Alpha>  -6.0, 12.0,  0.5 </Alpha>
            <Cl>  -0.2, 1.0, 0.1 </Cl>
            <!-- define field Reynolds if type 4 analysis are requested-->
            <Reynolds>  30000, 5.e4, 75000,  8.e4, 1.e5, 2e5, 3e5, 5e5, 1.e6</Reynolds>

            <!-- For type 1-2-3 polars, set this field to true if the analysis should run for a range of aoa,
                 and to false if it should run for a range of lift coefficients; the default is true -->
            <Spec_Alpha>true</Spec_Alpha>
            <!-- For type 1-2-3 polars, set this field to true if the analysis should start at alpha=0.0;
                 The default is true-->
            <From_Zero>true</From_Zero>
        </OpPoint_Range>

        <Output>
            <!-- set this field to true to make a .plr file for each foil; default is false -->
            <make_polars_bin_file>true</make_polars_bin_file>
            <!-- set this field to true to make one .csv or .txt file for each polar; default is false -->
            <make_polars_text_file>true</make_polars_text_file>
            <!-- set this field to true to keep the operating points in the project file .xfl,
                 and to false to discard them; default is false -->
            <make_oppoints>true</make_oppoints>
        </Output>

        <Options>
            <!-- this field defines the max number of XFoil iterations for each operatiung point; default is 100 -->
            <Max_XFoil_Iterations>100</Max_XFoil_Iterations>
            <!-- set this field to true if the foils are to be repaneled automatically before running the analysis -->
            <Repanel_Foils>false</Repanel_Foils>
            <!-- Define the number of panels to re-panel the foil; default is 100-->
            <Foil_Panels>150</Foil_Panels>
        </Options>

    </Foil_Analysis>
</xflscript>












